<?xml version="1.0" encoding="UTF-8"?>
<root>
  <item name="de.hdodenhof.circleimageview.CircleImageView void setBorderColor(int) 0">
    <annotation name="android.support.annotation.ColorInt" />
  </item>
  <item name="de.hdodenhof.circleimageview.CircleImageView void setBorderColorResource(int) 0">
    <annotation name="android.support.annotation.ColorRes" />
  </item>
  <item name="de.hdodenhof.circleimageview.CircleImageView void setFillColor(int) 0">
    <annotation name="android.support.annotation.ColorInt" />
  </item>
  <item name="de.hdodenhof.circleimageview.CircleImageView void setFillColorResource(int) 0">
    <annotation name="android.support.annotation.ColorRes" />
  </item>
  <item name="de.hdodenhof.circleimageview.CircleImageView void setImageResource(int) 0">
    <annotation name="android.support.annotation.DrawableRes" />
  </item>
</root>

